Name,Country,Discipline,Event
ABDELMAGID Wael,Egypt,Football,
ABE Junya,Japan,Volleyball,
ABE Katsuhiko,Japan,Basketball,
ADAMA Cherif,CÃ´te d'Ivoire,Football,
AGEBA Yuya,Japan,Volleyball,
AIKMAN Siegfried Gottlieb,Japan,Hockey,Men
AL SAADI Kais,Germany,Hockey,Men
ALAMEDA Lonni,Canada,Baseball/Softball,Softball
ALEKNO Vladimir,Islamic Republic of Iran,Volleyball,Men
ALEKSEEV Alexey,ROC,Handball,Women
ALLER CARBALLO Manuel Angel,Spain,Basketball,
ALSHEHRI Saad,Saudi Arabia,Football,Men
ALY Kamal,Egypt,Football,
AMAYA GAITAN Fabian,Puerto Rico,Basketball,
AMO AGUADO Pablo,Spain,Football,
ANDONOVSKI Vlatko,United States of America,Football,Women
ANNAN Alyson,Netherlands,Hockey,Women
ARNAU CREUS Xavier,Japan,Hockey,Women
ARNOLD Graham,Australia,Football,Men
